<?xml version="1.0" encoding="utf-8" standalone="yes"?>
<rss version="2.0" xmlns:atom="http://www.w3.org/2005/Atom">
  <channel>
    <title>Tags on Group 6 Project: Production Sites&#39; Ecological Footprint</title>
    <link>https://ptds2021-g6.netlify.app/tags/</link>
    <description>Recent content in Tags on Group 6 Project: Production Sites&#39; Ecological Footprint</description>
    <generator>Hugo -- gohugo.io</generator>
    <language>en-us</language>
    <lastBuildDate>Wed, 01 Dec 2021 21:13:14 -0500</lastBuildDate><atom:link href="https://ptds2021-g6.netlify.app/tags/index.xml" rel="self" type="application/rss+xml" />
    <item>
      <title>plot</title>
      <link>https://ptds2021-g6.netlify.app/tags/plot/</link>
      <pubDate>Wed, 01 Dec 2021 21:13:14 -0500</pubDate>
      
      <guid>https://ptds2021-g6.netlify.app/tags/plot/</guid>
      <description></description>
    </item>
    
    <item>
      <title>R Markdown</title>
      <link>https://ptds2021-g6.netlify.app/tags/r-markdown/</link>
      <pubDate>Wed, 01 Dec 2021 21:13:14 -0500</pubDate>
      
      <guid>https://ptds2021-g6.netlify.app/tags/r-markdown/</guid>
      <description></description>
    </item>
    
  </channel>
</rss>
